{
    "Comment": "None",
    "Name": "./pyhrv/files/SampleExport.json",
    "ar_abs": [
        3725.288883,
        6483.602456,
        13710.495643
    ],
    "ar_bands": [
        null,
        [
            0.000000,
            0.040000
        ],
        [
            0.040000,
            0.150000
        ],
        [
            0.150000,
            0.400000
        ]
    ],
    "ar_interpolation": "cubic",
    "ar_log": [
        8.222900,
        8.777032,
        9.525917
    ],
    "ar_nfft": 256,
    "ar_norm": [
        32.106423,
        67.893577
    ],
    "ar_order": 16,
    "ar_peak": [
        0.000000,
        0.046875,
        0.234375
    ],
    "ar_ratio": 0.472893,
    "ar_rel": [
        15.574349,
        27.106056,
        57.319595
    ],
    "ar_resampling_frequency": 4,
    "ar_total": 23919.386982,
    "dfa_alpha1": 0.756119,
    "dfa_alpha2": 0.922282,
    "ellipse_area": 25830.488269,
    "fft_abs": [
        1752.817065,
        1738.812647,
        4821.272413
    ],
    "fft_bands": [
        null,
        [
            0.000000,
            0.040000
        ],
        [
            0.040000,
            0.150000
        ],
        [
            0.150000,
            0.400000
        ]
    ],
    "fft_interpolation": "cubic",
    "fft_log": [
        7.468980,
        7.460958,
        8.480793
    ],
    "fft_nfft": 256,
    "fft_norm": [
        26.505947,
        73.494053
    ],
    "fft_peak": [
        0.015625,
        0.062500,
        0.250000
    ],
    "fft_ratio": 0.360654,
    "fft_rel": [
        21.085501,
        20.917035,
        57.997464
    ],
    "fft_resampling_frequency": 4,
    "fft_total": 8312.902125,
    "fft_window": "hamming",
    "hr_max": 83.449235,
    "hr_mean": 68.215347,
    "hr_min": 50.209205,
    "hr_std": 6.773421,
    "lomb_abs": [
        237.755756,
        641.700294,
        1479.765242
    ],
    "lomb_bands": [
        null,
        [
            0.000000,
            0.040000
        ],
        [
            0.040000,
            0.150000
        ],
        [
            0.150000,
            0.400000
        ]
    ],
    "lomb_log": [
        5.471244,
        6.464121,
        7.299639
    ],
    "lomb_ma": null,
    "lomb_nfft": 65536,
    "lomb_norm": [
        30.247972,
        69.752028
    ],
    "lomb_peak": [
        0.013288,
        0.135428,
        0.170300
    ],
    "lomb_ratio": 0.433650,
    "lomb_rel": [
        10.077722,
        27.199665,
        62.722613
    ],
    "lomb_total": 2359.221291,
    "nn20": 266,
    "nn35": 217,
    "nn50": 163,
    "nni_counter": 337,
    "nni_diff_max": 336,
    "nni_diff_mean": 74.294643,
    "nni_diff_min": 0,
    "nni_max": 1195.000000,
    "nni_mean": 888.955490,
    "nni_min": 719.000000,
    "pnn20": 79.166667,
    "pnn35": 64.583333,
    "pnn50": 48.511905,
    "rmssd": 101.300634,
    "sampen": 1.712239,
    "sd1": 71.630364,
    "sd2": 114.785118,
    "sd_ratio": 1.602465,
    "sdann": "n/a",
    "sdnn": 95.690354,
    "sdnn_index": "n/a",
    "sdsd": 68.965789,
    "tinn": 148.437500,
    "tinn_m": 914.062500,
    "tinn_n": 765.625000,
    "tri_index": 12.035714
}