{
    "Comment": "None",
    "Name": "./files/SampleExport.json",
    "ar_abs": [
        2468.545723916567,
        5208.365062815011,
        10686.36196217889
    ],
    "ar_bands": {
        "hf": [
            0.15,
            0.4
        ],
        "lf": [
            0.04,
            0.15
        ],
        "ulf": null,
        "vlf": [
            0.0,
            0.04
        ]
    },
    "ar_interpolation": "cubic",
    "ar_log": [
        7.81138448048324,
        8.558021277978417,
        9.27672362450431
    ],
    "ar_nfft": 4096.0,
    "ar_norm": [
        32.76787990523549,
        67.23212009476451
    ],
    "ar_order": 16.0,
    "ar_peak": [
        0.0,
        0.0400390625,
        0.2392578125
    ],
    "ar_ratio": 0.4873843017154413,
    "ar_rel": [
        13.442841903347711,
        28.362945614495843,
        58.19421248215646
    ],
    "ar_resampling_frequency": 4.0,
    "ar_total": 18363.272748910465,
    "dfa_alpha1": 0.7561188632100411,
    "dfa_alpha1_beats": [
        4,
        5,
        6,
        7,
        8,
        9,
        10,
        11,
        12,
        13,
        14,
        15,
        16
    ],
    "dfa_alpha2": 0.922281792996109,
    "dfa_alpha2_beats": [
        17,
        18,
        19,
        20,
        21,
        22,
        23,
        24,
        25,
        26,
        27,
        28,
        29,
        30,
        31,
        32,
        33,
        34,
        35,
        36,
        37,
        38,
        39,
        40,
        41,
        42,
        43,
        44,
        45,
        46,
        47,
        48,
        49,
        50,
        51,
        52,
        53,
        54,
        55,
        56,
        57,
        58,
        59,
        60,
        61,
        62,
        63,
        64
    ],
    "ellipse_area": 25830.48826944046,
    "fft_abs": [
        2660.7682014296,
        1561.5567256403754,
        5337.081162110837
    ],
    "fft_bands": {
        "hf": [
            0.15,
            0.4
        ],
        "lf": [
            0.04,
            0.15
        ],
        "ulf": null,
        "vlf": [
            0.0,
            0.04
        ]
    },
    "fft_interpolation": "cubic",
    "fft_log": [
        7.88637015761169,
        7.353438503722842,
        8.582434183658979
    ],
    "fft_nfft": 4096.0,
    "fft_norm": [
        22.63572535692846,
        77.36427464307154
    ],
    "fft_peak": [
        0.005859375,
        0.0673828125,
        0.2412109375
    ],
    "fft_ratio": 0.29258628044224333,
    "fft_rel": [
        27.834032539333343,
        16.33529019556687,
        55.830677265099794
    ],
    "fft_resampling_frequency": 4.0,
    "fft_total": 9559.406089180811,
    "fft_window": "hamming",
    "hr_max": 83.44923504867872,
    "hr_mean": 68.21534718213636,
    "hr_min": 50.2092050209205,
    "hr_std": 6.773420964417173,
    "lomb_abs": [
        164.3987212895415,
        687.5735526983826,
        1621.494163920392
    ],
    "lomb_bands": {
        "hf": [
            0.15,
            0.4
        ],
        "lf": [
            0.04,
            0.15
        ],
        "ulf": null,
        "vlf": [
            0.0,
            0.04
        ]
    },
    "lomb_log": [
        5.1022947045476785,
        6.533168809561262,
        7.391103326555198
    ],
    "lomb_ma": "n/a",
    "lomb_nfft": 256.0,
    "lomb_norm": [
        29.77710648110458,
        70.22289351889543
    ],
    "lomb_peak": [
        0.017686274509803923,
        0.06592156862745098,
        0.2765490196078431
    ],
    "lomb_ratio": 0.42403701968065755,
    "lomb_rel": [
        6.646490882995974,
        27.79797381361796,
        65.55553530338607
    ],
    "lomb_total": 2473.466437908316,
    "nn20": 266.0,
    "nn50": 163.0,
    "nni_counter": 337.0,
    "nni_diff_max": 336.0,
    "nni_diff_mean": 74.29464285714286,
    "nni_diff_min": 0.0,
    "nni_max": 1195.0,
    "nni_mean": 888.9554896142433,
    "nni_min": 719.0,
    "pnn20": 79.16666666666666,
    "pnn50": 48.51190476190476,
    "rmssd": 101.30063401766522,
    "sampen": 1.7122387639675827,
    "sd1": 71.63036373757002,
    "sd2": 114.78511837857461,
    "sd_ratio": 1.6024645470056433,
    "sdann": "n/a",
    "sdnn": 95.69035398754954,
    "sdnn_index": "n/a",
    "sdsd": 68.96578927713607,
    "tinn": 148.4375,
    "tinn_m": 914.0625,
    "tinn_n": 765.625,
    "tri_index": 12.035714285714286
}