{
    "Comment": "None",
    "Name": "./files/SampleExport.json",
    "dfa_alpha1": 0.756119,
    "dfa_alpha2": 0.922282,
    "ellipse_area": 25830.488269,
    "fft_abs": [
        2660.768201,
        1561.556726,
        5337.081162
    ],
    "fft_bands": [
        null,
        [
            0.000000,
            0.040000
        ],
        [
            0.040000,
            0.150000
        ],
        [
            0.150000,
            0.400000
        ]
    ],
    "fft_interpolation": "cubic",
    "fft_log": [
        7.886370,
        7.353439,
        8.582434
    ],
    "fft_nfft": 4096,
    "fft_norm": [
        22.635725,
        77.364275
    ],
    "fft_peak": [
        0.005859,
        0.067383,
        0.241211
    ],
    "fft_ratio": 0.292586,
    "fft_rel": [
        27.834033,
        16.335290,
        55.830677
    ],
    "fft_resampling_frequency": 4,
    "fft_total": 9559.406089,
    "fft_window": "hamming",
    "hr_max": 83.449235,
    "hr_mean": 68.215347,
    "hr_min": 50.209205,
    "hr_std": 6.773421,
    "lomb_abs": [
        164.401937,
        687.573553,
        1621.494164
    ],
    "lomb_bands": [
        null,
        [
            0.000000,
            0.040000
        ],
        [
            0.040000,
            0.150000
        ],
        [
            0.150000,
            0.400000
        ]
    ],
    "lomb_log": [
        5.102314,
        6.533169,
        7.391103
    ],
    "lomb_ma": null,
    "lomb_nfft": 256,
    "lomb_norm": [
        29.777106,
        70.222894
    ],
    "lomb_peak": [
        0.017686,
        0.065922,
        0.276549
    ],
    "lomb_ratio": 0.424037,
    "lomb_rel": [
        6.646612,
        27.797938,
        65.555450
    ],
    "lomb_total": 2473.469654,
    "nn20": 266,
    "nn50": 163,
    "nn_counter": 337,
    "nn_diff_max": 336,
    "nn_diff_mean": 74.294640,
    "nn_diff_min": 0,
    "nn_diff_std": 68.965790,
    "nn_max": 1195,
    "nn_mean": 888.955490,
    "nn_min": 719,
    "pnn20": 79.166667,
    "pnn50": 48.511905,
    "rmssd": 101.300634,
    "sampen": 1.712239,
    "sd1": 71.630364,
    "sd2": 114.785118,
    "sd_ratio": 1.602465,
    "sdann": "n/a",
    "sdnn": 95.690354,
    "sdnn_index": "n/a",
    "sdsd": 68.965788,
    "tinn": 148.437500,
    "tinn_m": 914.062500,
    "tinn_n": 765.625000,
    "tri_index": 12.035714
}